{
  "11": 1.1975234746932983,
  "12": -0.1428329199552536,
  "13": 0.455902099609375,
  "14": 0.7360758185386658,
  "15": -0.049407958984375,
  "21": -89.23779296875,
  "22": 15.21629524230957,
  "23": -33.34400177001953,
  "24": -67.81405639648438,
  "31": 0.384512335062027,
  "32": -1.087639331817627,
  "33": 10.036102294921875,
  "34": -28.130889892578125,
  "35": 25.59307861328125,
  "41": -3.021347761154175,
  "42": -3.4388091564178467,
  "43": 4.982421875,
  "44": 11.59072208404541,
  "45": -8.470582008361816
}