{
  "11": 0.42844411730766296,
  "12": 0.03294883295893669,
  "13": 0.09890113770961761,
  "14": 0.18671005964279175,
  "15": -0.03294883295893669,
  "21": -0.34052592515945435,
  "22": 0.010982944630086422,
  "23": -0.03294883295893669,
  "31": 0.6262463927268982,
  "32": -1.7468345165252686,
  "33": 10.096604347229004,
  "34": -28.22430992126465,
  "35": 25.257986068725586,
  "41": -2.8674774169921875,
  "42": -3.1970748901367188,
  "43": 4.801076412200928,
  "44": 11.4589262008667,
  "45": -8.27277946472168
}