{
  "11": 3.8782360553741455,
  "12": -0.054914720356464386,
  "13": -1.680882215499878,
  "14": 1.246917724609375,
  "15": -3.565032958984375,
  "21": -3.081695556640625,
  "22": 1.087639331817627,
  "23": -0.054914720356464386,
  "24": 2.8509521484375,
  "31": -1.6589163541793823,
  "32": 1.2414551973342896,
  "33": 29.636016845703125,
  "34": -16.880645751953125,
  "35": 19.330841064453125,
  "41": -6.1414875984191895,
  "42": -3.4388091564178467,
  "43": -2.905853271484375,
  "44": 12.337835311889648,
  "45": -13.172866821289062
}