{
  "11": 86.5846176147461,
  "12": 2.296254873275757,
  "13": -13.101409912109375,
  "14": 80.89353942871094,
  "15": -0.071380615234375,
  "21": -73.395263671875,
  "22": -6.910566806793213,
  "23": -32.487056732177734,
  "24": -47.2254638671875,
  "31": 0.42844411730766296,
  "32": -1.087639331817627,
  "33": 9.904296875,
  "34": -28.108917236328125,
  "35": 25.4173583984375,
  "41": -3.109156847000122,
  "42": -3.4167885780334473,
  "43": 4.96044921875,
  "44": 11.54679012298584,
  "45": -8.33873176574707
}