{
  "11": 0.7360758185386658,
  "12": -0.03294883295893669,
  "13": 0.03294883295893669,
  "14": 0.280181884765625,
  "15": -0.049407958984375,
  "21": -0.444915771484375,
  "22": -0.054914720356464386,
  "23": -0.03294883295893669,
  "24": -0.027435302734375,
  "31": 1.593018651008606,
  "32": -0.7360758185386658,
  "33": 25.28546142578125,
  "34": -28.877931594848633,
  "35": 32.71234130859375,
  "41": 0.8239940404891968,
  "42": 2.40602970123291,
  "43": 5.070281982421875,
  "44": 15.457975387573242,
  "45": -13.260730743408203
}