{
  "11": 1.1755574941635132,
  "12": -0.1647988110780716,
  "13": 0.455902099609375,
  "14": 0.6921440362930298,
  "15": -0.049407958984375,
  "21": -89.61123657226562,
  "22": 15.040459632873535,
  "23": -33.365966796875,
  "24": -68.34136962890625,
  "31": 0.362546443939209,
  "32": -1.1315710544586182,
  "33": 9.904296875,
  "34": -28.108917236328125,
  "35": 25.59307861328125,
  "41": -2.933429718017578,
  "42": -3.482740879058838,
  "43": 5.00439453125,
  "44": 11.59072208404541,
  "45": -8.470582008361816
}