{
  "11": 3.9002020359039307,
  "12": -0.054914720356464386,
  "13": -1.680882215499878,
  "14": 1.246917724609375,
  "15": -3.565032958984375,
  "21": -3.081695556640625,
  "22": 1.1096051931381226,
  "23": -0.07688061147928238,
  "24": 2.8509521484375,
  "31": 11.942285537719727,
  "32": -2.977306842803955,
  "33": 29.877748489379883,
  "34": 2.01605224609375,
  "35": 12.87078857421875,
  "41": 1.3293733596801758,
  "42": 0.5822599530220032,
  "43": -2.8179931640625,
  "44": 0.12086702883243561,
  "45": 4.361595153808594
}