{
  "11": -57.51428985595703,
  "12": -146.3730926513672,
  "13": 102.4764404296875,
  "14": 71.53306579589844,
  "15": 108.0576171875,
  "21": -0.752532958984375,
  "22": 1.5270663499832153,
  "23": -0.054914720356464386,
  "24": -0.027435302734375,
  "31": 0.362546443939209,
  "32": -1.0216870307922363,
  "33": 9.92626953125,
  "34": -28.130889892578125,
  "35": 25.61505126953125,
  "41": -2.889497995376587,
  "42": -3.394822597503662,
  "43": 4.96044921875,
  "44": 11.59072208404541,
  "45": -8.426650047302246
}