{
  "11": 4.0100860595703125,
  "12": -0.03294883295893669,
  "13": -1.702848196029663,
  "14": 1.26885986328125,
  "15": -3.5430908203125,
  "21": -3.1695556640625,
  "22": 1.0216870307922363,
  "23": -0.07688061147928238,
  "24": 2.8509521484375,
  "31": 13.985823631286621,
  "32": -0.1647988110780716,
  "33": -1.257965087890625,
  "34": -5.322967529296875,
  "35": 20.055816650390625,
  "41": 4.098004341125488,
  "42": -7.152191638946533,
  "43": -2.26861572265625,
  "44": 7.965147972106934,
  "45": 3.4607748985290527
}